{"cameraMode":{"drawMode":0,"name":"Shaded","section":"Shading Mode"},"sceneLighting":true,"audioPlay":false,"sceneViewState":{"m_AlwaysRefresh":false,"showFog":false,"showSkybox":true,"showFlares":true,"showImageEffects":true,"showParticleSystems":true,"showVisualEffectGraphs":true,"m_FxEnabled":true},"in2DMode":false,"pivot":{"x":4.4383392333984379,"y":5.471810340881348,"z":10.799866676330567},"rotation":{"x":-0.06903830915689469,"y":-0.07863147556781769,"z":0.005457351449877024,"w":-0.994501531124115},"size":8.807865142822266,"orthographic":false}