{"cameraMode":{"drawMode":0,"name":"Shaded","section":"Shading Mode"},"sceneLighting":true,"audioPlay":false,"sceneViewState":{"m_AlwaysRefresh":false,"showFog":true,"showSkybox":true,"showFlares":true,"showImageEffects":true,"showParticleSystems":true,"showVisualEffectGraphs":true,"m_FxEnabled":true},"in2DMode":false,"pivot":{"x":0.07176375389099121,"y":2.1416311264038088,"z":13.77985954284668},"rotation":{"x":-0.3247511088848114,"y":-0.38680604100227358,"z":0.14773188531398774,"w":-0.8503620028495789},"size":11.028400421142579,"orthographic":false}