{"cameraMode":{"drawMode":0,"name":"Shaded","section":"Shading Mode"},"sceneLighting":false,"audioPlay":false,"sceneViewState":{"m_AlwaysRefresh":false,"showFog":false,"showSkybox":false,"showFlares":true,"showImageEffects":true,"showParticleSystems":true,"showVisualEffectGraphs":true,"m_FxEnabled":true},"in2DMode":false,"pivot":{"x":0.38918423652648928,"y":-1.3351047039031983,"z":0.11815929412841797},"rotation":{"x":-0.4722933769226074,"y":0.03488598391413689,"z":-0.018712373450398446,"w":-0.8805569410324097},"size":2.9535868167877199,"orthographic":false}